customer_key,name,address,nation,region,phone_number,account_balance,market_segment
1,Customer#000000001,"IVhzIApeRb ot,c,E",MOROCCO,AFRICA,25-989-741-2988,711.56,BUILDING
2,Customer#000000002,"XSTf4,NCwDVaWNe6tEgvwfmRchLXak",JORDAN,MIDDLE EAST,23-768-687-3665,121.65,AUTOMOBILE
3,Customer#000000003,MG9kdTD2WBHm,ARGENTINA,AMERICA,11-719-748-3364,7498.12,AUTOMOBILE
4,Customer#000000004,XxVSJsLAGtn,EGYPT,MIDDLE EAST,14-128-190-5944,2866.83,MACHINERY
5,Customer#000000005,KvpyuHCplrB84WgAiGV6sYpZq7Tj,CANADA,AMERICA,13-750-942-6364,794.47,HOUSEHOLD
6,Customer#000000006,"sKZz0CsnMD7mp4Xd0YrBvx,LREYKUWAh yVn",SAUDI ARABIA,MIDDLE EAST,30-114-968-4951,7638.57,AUTOMOBILE
7,Customer#000000007,TcGe5gaZNgVePxU5kRrvXBfkasDTea,CHINA,ASIA,28-190-982-9759,9561.95,AUTOMOBILE
8,Customer#000000008,"I0B10bB0AymmC, 0PrRYBCP1yGJ8xcBPmWhl5",PERU,AMERICA,27-147-574-9335,6819.74,BUILDING
9,Customer#000000009,xKiAFTjUsCuxfeleNqefumTrjS,INDIA,ASIA,18-338-906-3675,8324.07,FURNITURE
10,Customer#000000010,6LrEaV6KR6PLVcgl2ArL Q3rqzLzcT1 v2,ETHIOPIA,AFRICA,15-741-346-9870,2753.54,HOUSEHOLD
11,Customer#000000011,PkWS 3HlXqwTuzrKg633BEi,UNITED KINGDOM,EUROPE,33-464-151-3439,-272.6,BUILDING
12,Customer#000000012,9PWKuhzT4Zr1Q,JORDAN,MIDDLE EAST,23-791-276-1263,3396.49,HOUSEHOLD
13,Customer#000000013,nsXQu0oVjD7PM659uC3SRSp,CANADA,AMERICA,13-761-547-5974,3857.34,BUILDING
14,Customer#000000014,"KXkletMlL2JQEA ",ARGENTINA,AMERICA,11-845-129-3851,5266.3,FURNITURE
15,Customer#000000015,"YtWggXoOLdwdo7b0y,BZaGUQMLJMX1Y,EC,6Dn",UNITED KINGDOM,EUROPE,33-687-542-7601,2788.52,HOUSEHOLD
16,Customer#000000016,"cYiaeMLZSMAOQ2 d0W,",IRAN,MIDDLE EAST,20-781-609-3107,4681.03,FURNITURE
17,Customer#000000017,izrh 6jdqtp2eqdtbkswDD8SG4SzXruMfIXyR7,BRAZIL,AMERICA,12-970-682-3487,6.34,AUTOMOBILE
18,Customer#000000018,3txGO AiuFux3zT0Z9NYaFRnZt,FRANCE,EUROPE,16-155-215-1315,5494.43,BUILDING
19,Customer#000000019,"uc,3bHIx84H,wdrmLOjVsiqXCq2tr",CHINA,ASIA,28-396-526-5053,8914.71,HOUSEHOLD
20,Customer#000000020,JrPk8Pqplj4Ne,RUSSIA,EUROPE,32-957-234-8742,7603.4,FURNITURE
21,Customer#000000021,XYmVpr9yAHDEn,INDIA,ASIA,18-902-614-8344,1428.25,MACHINERY
22,Customer#000000022,"QI6p41,FNs5k7RZoCCVPUTkUdYpB",CANADA,AMERICA,13-806-545-9701,591.98,MACHINERY
23,Customer#000000023,OdY W13N7Be3OC5MpgfmcYss0Wn6TKT,CANADA,AMERICA,13-312-472-8245,3332.02,HOUSEHOLD
24,Customer#000000024,HXAFgIAyjxtdqwimt13Y3OZO 4xeLe7U8PqG,JORDAN,MIDDLE EAST,23-127-851-8031,9255.67,MACHINERY
25,Customer#000000025,Hp8GyFQgGHFYSilH5tBfe,JAPAN,ASIA,22-603-468-3533,7133.7,FURNITURE
26,Customer#000000026,8ljrc5ZeMl7UciP,RUSSIA,EUROPE,32-363-455-4837,5182.05,AUTOMOBILE
27,Customer#000000027,IS8GIyxpBrLpMT0u7,CANADA,AMERICA,13-137-193-2709,5679.84,BUILDING
28,Customer#000000028,"iVyg0daQ,Tha8x2WPWA9m2529m",INDIA,ASIA,18-774-241-1462,1007.18,FURNITURE
29,Customer#000000029,"sJ5adtfyAkCK63df2,vF25zyQMVYE34uh",ALGERIA,AFRICA,10-773-203-7342,7618.27,FURNITURE
30,Customer#000000030,nJDsELGAavU63Jl0c5NKsKfL8rIJQQkQnYL2QJY,ARGENTINA,AMERICA,11-764-165-5076,9321.01,BUILDING
31,Customer#000000031,LUACbO0viaAv6eXOAebryDB xjVst,UNITED KINGDOM,EUROPE,33-197-837-7094,5236.89,HOUSEHOLD
32,Customer#000000032,"jD2xZzi UmId,DCtNBLXKj9q0Tlp2iQ6ZcO3J",MOROCCO,AFRICA,25-430-914-2194,3471.53,BUILDING
33,Customer#000000033,qFSlMuLucBmx9xnn5ib2csWUweg D,PERU,AMERICA,27-375-391-1280,-78.56,AUTOMOBILE
34,Customer#000000034,"Q6G9wZ6dnczmtOx509xgE,M2KV",MOROCCO,AFRICA,25-344-968-5422,8589.7,HOUSEHOLD
35,Customer#000000035,TEjWGE4nBzJL2,PERU,AMERICA,27-566-888-7431,1228.24,HOUSEHOLD
36,Customer#000000036,"3TvCzjuPzpJ0,DdJ8kW5U",VIETNAM,ASIA,31-704-669-5769,4987.27,BUILDING
37,Customer#000000037,"7EV4Pwh,3SboctTWt",INDIA,ASIA,18-385-235-7162,-917.75,FURNITURE
38,Customer#000000038,a5Ee5e9568R8RLP 2ap7,JAPAN,ASIA,22-306-880-7212,6345.11,HOUSEHOLD
39,Customer#000000039,"nnbRg,Pvy33dfkorYE FdeZ60",BRAZIL,AMERICA,12-387-467-6509,6264.31,AUTOMOBILE
40,Customer#000000040,gOnGWAyhSV1ofv,CANADA,AMERICA,13-652-915-8939,1335.3,BUILDING
41,Customer#000000041,IM9mzmyoxeBmvNw8lA7G3Ydska2nkZF,IRAN,MIDDLE EAST,20-917-711-4011,270.95,HOUSEHOLD
42,Customer#000000042,ziSrvyyBke,ETHIOPIA,AFRICA,15-416-330-4175,8727.01,BUILDING
43,Customer#000000043,ouSbjHk8lh5fKX3zGso3ZSIj9Aa3PoaFd,ROMANIA,EUROPE,29-316-665-2897,9904.28,MACHINERY
44,Customer#000000044,"Oi,dOSPwDu4jo4x,,P85E0dmhZGvNtBwi",MOZAMBIQUE,AFRICA,26-190-260-5375,7315.94,AUTOMOBILE
45,Customer#000000045,"4v3OcpFgoOmMG,CbnF,4mdC",INDONESIA,ASIA,19-715-298-9917,9983.38,AUTOMOBILE
46,Customer#000000046,eaTXWWm10L9,FRANCE,EUROPE,16-357-681-2007,5744.59,AUTOMOBILE
47,Customer#000000047,b0UgocSqEW5 gdVbhNT,BRAZIL,AMERICA,12-427-271-9466,274.58,BUILDING
48,Customer#000000048,0UU iPhBupFvemNB,ALGERIA,AFRICA,10-508-348-5882,3792.5,BUILDING
49,Customer#000000049,"cNgAeX7Fqrdf7HQN9EwjUa4nxT,68L FKAxzl",IRAN,MIDDLE EAST,20-908-631-4424,4573.94,FURNITURE
50,Customer#000000050,9SzDYlkzxByyJ1QeTI o,FRANCE,EUROPE,16-658-112-3221,4266.13,MACHINERY
51,Customer#000000051,"uR,wEaiTvo4",JAPAN,ASIA,22-344-885-4251,855.87,FURNITURE
52,Customer#000000052,7 QOqGqqSy9jfV51BC71jcHJSD0,IRAQ,MIDDLE EAST,21-186-284-5998,5630.28,HOUSEHOLD
53,Customer#000000053,HnaxHzTfFTZs8MuCpJyTbZ47Cm4wFOOgib,MOROCCO,AFRICA,25-168-852-5363,4113.64,HOUSEHOLD
54,Customer#000000054,",k4vf 5vECGWFy,hosTE,",EGYPT,MIDDLE EAST,14-776-370-4745,868.9,AUTOMOBILE
55,Customer#000000055,zIRBR4KNEl HzaiV3a i9n6elrxzDEh8r8pDom,IRAN,MIDDLE EAST,20-180-440-8525,4572.11,MACHINERY
56,Customer#000000056,BJYZYJQk4yD5B,IRAN,MIDDLE EAST,20-895-685-6920,6530.86,FURNITURE
57,Customer#000000057,97XYbsuOPRXPWU,VIETNAM,ASIA,31-835-306-1650,4151.93,AUTOMOBILE
58,Customer#000000058,g9ap7Dk1Sv9fcXEWjpMYpBZIRUohi T,JORDAN,MIDDLE EAST,23-244-493-2508,6478.46,HOUSEHOLD
59,Customer#000000059,zLOCP0wh92OtBihgspOGl4,ARGENTINA,AMERICA,11-355-584-3112,3458.6,MACHINERY
60,Customer#000000060,FyodhjwMChsZmUz7Jz0H,JAPAN,ASIA,22-480-575-5866,2741.87,MACHINERY
61,Customer#000000061,9kndve4EAJxhg3veF BfXr7AqOsT39o gtqjaYE,PERU,AMERICA,27-626-559-8599,1536.24,FURNITURE
62,Customer#000000062,"upJK2Dnw13,",GERMANY,EUROPE,17-361-978-7059,595.61,MACHINERY
63,Customer#000000063,IXRSpVWWZraKII,VIETNAM,ASIA,31-952-552-9584,9331.13,AUTOMOBILE
64,Customer#000000064,"MbCeGY20kaKK3oalJD,OT",CANADA,AMERICA,13-558-731-7204,-646.64,BUILDING
65,Customer#000000065,"RGT yzQ0y4l0H90P783LG4U95bXQFDRXbWa1sl,X",UNITED KINGDOM,EUROPE,33-733-623-5267,8795.16,AUTOMOBILE
66,Customer#000000066,XbsEqXH1ETbJYYtA1A,RUSSIA,EUROPE,32-213-373-5094,242.77,HOUSEHOLD
67,Customer#000000067,rfG0cOgtr5W8 xILkwp9fpCS8,INDONESIA,ASIA,19-403-114-4356,8166.59,MACHINERY
68,Customer#000000068,"o8AibcCRkXvQFh8hF,7o",JAPAN,ASIA,22-918-832-2411,6853.37,HOUSEHOLD
69,Customer#000000069,Ltx17nO9Wwhtdbe9QZVxNgP98V7xW97uvSH1prEw,INDONESIA,ASIA,19-225-978-5670,1709.28,HOUSEHOLD
70,Customer#000000070,mFowIuhnHjp2GjCiYYavkW kUwOjIaTCQ,RUSSIA,EUROPE,32-828-107-2832,4867.52,FURNITURE
71,Customer#000000071,"TlGalgdXWBmMV,6agLyWYDyIz9MKzcY8gl,w6t1B",GERMANY,EUROPE,17-710-812-5403,-611.19,HOUSEHOLD
72,Customer#000000072,"putjlmskxE,zs,HqeIA9Wqu7dhgH5BVCwDwHHcf",BRAZIL,AMERICA,12-759-144-9689,-362.86,FURNITURE
73,Customer#000000073,8IhIxreu4Ug6tt5mog4,ALGERIA,AFRICA,10-473-439-3214,4288.5,BUILDING
74,Customer#000000074,"IkJHCA3ZThF7qL7VKcrU nRLl,kylf ",EGYPT,MIDDLE EAST,14-199-862-7209,2764.43,MACHINERY
75,Customer#000000075,"Dh 6jZ,cwxWLKQfRKkiGrzv6pm",CHINA,ASIA,28-247-803-9025,6684.1,AUTOMOBILE
76,Customer#000000076,"m3sbCvjMOHyaOofH,e UkGPtqc4",ALGERIA,AFRICA,10-349-718-3044,5745.33,FURNITURE
77,Customer#000000077,4tAE5KdMFGD4byHtXF92vx,PERU,AMERICA,27-269-357-4674,1738.87,BUILDING
78,Customer#000000078,"HBOta,ZNqpg3U2cSL0kbrftkPwzX",INDONESIA,ASIA,19-960-700-9191,7136.97,FURNITURE
79,Customer#000000079,"n5hH2ftkVRwW8idtD,BmM2",MOROCCO,AFRICA,25-147-850-4166,5121.28,MACHINERY
80,Customer#000000080,"K,vtXp8qYB ",ALGERIA,AFRICA,10-267-172-7101,7383.53,FURNITURE
81,Customer#000000081,SH6lPA7JiiNC6dNTrR,SAUDI ARABIA,MIDDLE EAST,30-165-277-3269,2023.71,BUILDING
82,Customer#000000082,"zhG3EZbap4c992Gj3bK,3Ne,Xn",CHINA,ASIA,28-159-442-5305,9468.34,AUTOMOBILE
83,Customer#000000083,HnhTNB5xpnSF20JBH4Ycs6psVnkC3RDf,RUSSIA,EUROPE,32-817-154-4122,6463.51,BUILDING
84,Customer#000000084,lpXz6Fwr9945rnbtMc8PlueilS1WmASr CB,IRAQ,MIDDLE EAST,21-546-818-3802,5174.71,FURNITURE
85,Customer#000000085,siRerlDwiolhYR 8FgksoezycLj,ETHIOPIA,AFRICA,15-745-585-8219,3386.64,FURNITURE
86,Customer#000000086,US6EGGHXbTTXPL9SBsxQJsuvy,ALGERIA,AFRICA,10-677-951-2353,3306.32,HOUSEHOLD
87,Customer#000000087,hgGhHVSWQl 6jZ6Ev,UNITED KINGDOM,EUROPE,33-869-884-7053,6327.54,FURNITURE
88,Customer#000000088,wtkjBN9eyrFuENSMmMFlJ3e7jE5KXcg,MOZAMBIQUE,AFRICA,26-516-273-2566,8031.44,AUTOMOBILE
89,Customer#000000089,"dtR, y9JQWUO6FoJExyp8whOU",KENYA,AFRICA,24-394-451-5404,1530.76,FURNITURE
90,Customer#000000090,QxCzH7VxxYUWwfL7,MOZAMBIQUE,AFRICA,26-603-491-1238,7354.23,BUILDING
91,Customer#000000091,S8OMYFrpHwoNHaGBeuS6E 6zhHGZiprw1b7 q,INDIA,ASIA,18-239-400-3677,4643.14,AUTOMOBILE
92,Customer#000000092,"obP PULk2LH LqNF,K9hcbNqnLAkJVsl5xqSrY,",BRAZIL,AMERICA,12-446-416-8471,1182.91,MACHINERY
93,Customer#000000093,EHXBr2QGdh,GERMANY,EUROPE,17-359-388-5266,2182.52,MACHINERY
94,Customer#000000094,IfVNIN9KtkScJ9dUjK3Pg5gY1aFeaXewwf,INDONESIA,ASIA,19-953-499-8833,5500.11,HOUSEHOLD
95,Customer#000000095,"EU0xvmWvOmUUn5J,2z85DQyG7QCJ9Xq7",MOROCCO,AFRICA,25-923-255-2929,5327.38,MACHINERY
96,Customer#000000096,vWLOrmXhRR,INDIA,ASIA,18-422-845-1202,6323.92,AUTOMOBILE
97,Customer#000000097,"OApyejbhJG,0Iw3j rd1M",PERU,AMERICA,27-588-919-5638,2164.48,AUTOMOBILE
98,Customer#000000098,7yiheXNSpuEAwbswDW,JAPAN,ASIA,22-885-845-6889,-551.37,BUILDING
99,Customer#000000099,szsrOiPtCHVS97Lt,MOROCCO,AFRICA,25-515-237-9232,4088.65,HOUSEHOLD
100,Customer#000000100,fptUABXcmkC5Wx,SAUDI ARABIA,MIDDLE EAST,30-749-445-4907,9889.89,FURNITURE
101,Customer#000000101,sMmL2rNeHDltovSm Y,BRAZIL,AMERICA,12-514-298-3699,7470.96,MACHINERY
102,Customer#000000102,UAtflJ06 fn9zBfKjInkQZlWtqaA,ROMANIA,EUROPE,29-324-978-8538,8462.17,BUILDING
103,Customer#000000103,"8KIsQX4LJ7QMsj6DrtFtXu0nUEdV,8a",INDONESIA,ASIA,19-216-107-2107,2757.45,BUILDING
104,Customer#000000104,9mcCK L7rt0SwiYtrbO88DiZS7U d7M,IRAN,MIDDLE EAST,20-966-284-8065,-588.38,FURNITURE
105,Customer#000000105,4iSJe4L SPjg7kJj98Yz3z0B,IRAN,MIDDLE EAST,20-793-553-6417,9091.82,MACHINERY
106,Customer#000000106,xGCOEAUjUNG,ARGENTINA,AMERICA,11-751-989-4627,3288.42,MACHINERY
107,Customer#000000107,"Zwg64UZ,q7GRqo3zm7P1tZIRshBDz",MOROCCO,AFRICA,25-336-529-9919,2514.15,AUTOMOBILE
108,Customer#000000108,GPoeEvpKo1,ETHIOPIA,AFRICA,15-908-619-7526,2259.38,BUILDING
109,Customer#000000109,OOOkYBgCMzgMQXUmkocoLb56rfrdWp2NE2c,MOZAMBIQUE,AFRICA,26-992-422-8153,-716.1,BUILDING
110,Customer#000000110,mymPfgphaYXNYtk,IRAN,MIDDLE EAST,20-893-536-2069,7462.99,AUTOMOBILE
111,Customer#000000111,CBSbPyOWRorloj2TBvrK9qp9tHBs,RUSSIA,EUROPE,32-582-283-7528,6505.26,MACHINERY
112,Customer#000000112,RcfgG3bO7QeCnfjqJT1,ROMANIA,EUROPE,29-233-262-8382,2953.35,FURNITURE
113,Customer#000000113,"eaOl5UBXIvdY57rglaIzqvfPD,MYfK",JAPAN,ASIA,22-302-930-4756,2912,BUILDING
114,Customer#000000114,xAt 5f5AlFIU,KENYA,AFRICA,24-805-212-7646,1027.46,FURNITURE
115,Customer#000000115,0WFt1IXENmUT2BgbsB0ShVKJZt0HCBCbFl0aHc,INDIA,ASIA,18-971-699-1843,7508.92,HOUSEHOLD
116,Customer#000000116,"yCuVxIgsZ3,qyK2rloThy3u",MOZAMBIQUE,AFRICA,26-632-309-5792,8403.99,BUILDING
117,Customer#000000117,"uNhM,PzsRA3S,5Y Ge5Npuhi",UNITED STATES,AMERICA,34-403-631-3505,3950.83,FURNITURE
118,Customer#000000118,OVnFuHygK9wx3xpg8,CHINA,ASIA,28-639-943-7051,3582.37,AUTOMOBILE
119,Customer#000000119,M1ETOIecuvH8DtM0Y0nryXfW,GERMANY,EUROPE,17-697-919-8406,3930.35,FURNITURE
120,Customer#000000120,zBNna00AEInqyO1,JAPAN,ASIA,22-291-534-1571,363.75,MACHINERY
121,Customer#000000121,tv nCR2YKupGN73mQudO,PERU,AMERICA,27-411-990-2959,6428.32,BUILDING
122,Customer#000000122,yp5slqoNd26lAENZW3a67wSfXA6hTF,CANADA,AMERICA,13-702-694-4520,7865.46,HOUSEHOLD
123,Customer#000000123,YsOnaaER8MkvK5cpf4VSlq,ETHIOPIA,AFRICA,15-817-151-1168,5897.83,BUILDING
124,Customer#000000124,"aTbyVAW5tCd,v09O",CHINA,ASIA,28-183-750-7809,1842.49,AUTOMOBILE
125,Customer#000000125,",wSZXdVR xxIIfm9s8ITyLl3kgjT6UC07GY0Y",ROMANIA,EUROPE,29-261-996-3120,-234.12,FURNITURE
126,Customer#000000126,ha4EHmbx3kg DYCsP6DFeUOmavtQlHhcfaqr,RUSSIA,EUROPE,32-755-914-7592,1001.39,HOUSEHOLD
127,Customer#000000127,Xyge4DX2rXKxXyye1Z47LeLVEYMLf4Bfcj,VIETNAM,ASIA,31-101-672-2951,9280.71,MACHINERY
128,Customer#000000128,AmKUMlJf2NRHcKGmKjLS,EGYPT,MIDDLE EAST,14-280-874-8044,-986.96,HOUSEHOLD
129,Customer#000000129,q7m7rbMM0BpaCdmxloCgBDRCleXsXkdD8kf,GERMANY,EUROPE,17-415-148-7416,9127.27,HOUSEHOLD
130,Customer#000000130,RKPx2OfZy0Vn 8wGWZ7F2EAvmMORl1k8iH,INDONESIA,ASIA,19-190-993-9281,5073.58,HOUSEHOLD
131,Customer#000000131,"jyN6lAjb1FtH10rMC,XzlWyCBrg75",IRAQ,MIDDLE EAST,21-840-210-3572,8595.53,HOUSEHOLD
132,Customer#000000132,QM5YabAsTLp9,EGYPT,MIDDLE EAST,14-692-150-9717,162.57,HOUSEHOLD
133,Customer#000000133,IMCuXdpIvdkYO92kgDGuyHgojcUs88p,PERU,AMERICA,27-408-997-8430,2314.67,AUTOMOBILE
134,Customer#000000134,sUiZ78QCkTQPICKpA9OBzkUp2FM,IRAQ,MIDDLE EAST,21-200-159-5932,4608.9,BUILDING
135,Customer#000000135,"oZK,oC0 fdEpqUML",ROMANIA,EUROPE,29-399-293-6241,8732.91,FURNITURE
136,Customer#000000136,"QoLsJ0v5C1IQbh,DS1",GERMANY,EUROPE,17-501-210-4726,-842.39,FURNITURE
137,Customer#000000137,cdW91p92rlAEHgJafqYyxf1Q,MOZAMBIQUE,AFRICA,26-777-409-5654,7838.3,HOUSEHOLD
138,Customer#000000138,5uyLAeY7HIGZqtu66Yn08f,ETHIOPIA,AFRICA,15-394-860-4589,430.59,MACHINERY
139,Customer#000000139,"3ElvBwudHKL02732YexGVFVt ",INDONESIA,ASIA,19-140-352-1403,7897.78,MACHINERY
140,Customer#000000140,"XRqEPiKgcETII,iOLDZp5jA",EGYPT,MIDDLE EAST,14-273-885-6505,9963.15,MACHINERY
141,Customer#000000141,"5IW,WROVnikc3l7DwiUDGQNGsLBGOL6Dc0",ARGENTINA,AMERICA,11-936-295-6204,6706.14,FURNITURE
142,Customer#000000142,"AnJ5lxtLjioClr2khl9pb8NLxG2,",INDONESIA,ASIA,19-407-425-2584,2209.81,AUTOMOBILE
143,Customer#000000143,681r22uL452zqk 8By7I9o9enQfx0,MOZAMBIQUE,AFRICA,26-314-406-7725,2186.5,MACHINERY
144,Customer#000000144,VxYZ3ebhgbltnetaGjNC8qCccjYU05 fePLOno8y,ARGENTINA,AMERICA,11-717-379-4478,6417.31,MACHINERY
145,Customer#000000145,kQjHmt2kcec cy3hfMh969u,JORDAN,MIDDLE EAST,23-562-444-8454,9748.93,HOUSEHOLD
146,Customer#000000146,"GdxkdXG9u7iyI1,,y5tq4ZyrcEy",CANADA,AMERICA,13-835-723-3223,3328.68,FURNITURE
147,Customer#000000147,"6VvIwbVdmcsMzuu,C84GtBWPaipGfi7DV",CHINA,ASIA,28-803-187-4335,8071.4,AUTOMOBILE
148,Customer#000000148,BhSPlEWGvIJyT9swk vCWE,IRAQ,MIDDLE EAST,21-562-498-6636,2135.6,HOUSEHOLD
149,Customer#000000149,3byTHCp2mNLPigUrrq,ROMANIA,EUROPE,29-797-439-6760,8959.65,AUTOMOBILE
150,Customer#000000150,"zeoGShTjCwGPplOWFkLURrh41O0AZ8dwNEEN4 ",CHINA,ASIA,28-328-564-7630,3849.48,MACHINERY
151,Customer#000000151,"LlyEtNEXT6kkZ,kGP46H",ROMANIA,EUROPE,29-433-197-6339,5187.02,HOUSEHOLD
152,Customer#000000152,PDrllSkScKLh4lr19gmUZnK,INDIA,ASIA,18-585-850-3926,1215.18,BUILDING
153,Customer#000000153,kDzx11sIjjWJm1,FRANCE,EUROPE,16-342-316-2815,5454.26,HOUSEHOLD
154,Customer#000000154,2LAlU fDHkOqbXjHHDqw1mJQNC,ROMANIA,EUROPE,29-522-835-6914,4695.12,FURNITURE
155,Customer#000000155,"l,sSphiStMgdrxpxi",ALGERIA,AFRICA,10-566-282-8705,5902.85,AUTOMOBILE
156,Customer#000000156,5OS0edX2Y6B1cf9wJNuOQWgrrZccXk9,INDONESIA,ASIA,19-723-913-3943,9302.95,AUTOMOBILE
157,Customer#000000157,HGEouzCcFrNd nBAdsCRjsMxKOvYZdbwA7he5w9v,MOROCCO,AFRICA,25-207-442-1556,9768.73,BUILDING
158,Customer#000000158,"2HaYxi0J1620aoI1CdFyrW,rWOy",IRAN,MIDDLE EAST,20-383-680-1329,6160.95,AUTOMOBILE
159,Customer#000000159,"KotsdDO6EHnysVu922s6pjZpG,vlT",IRAN,MIDDLE EAST,20-888-668-2668,2060.06,HOUSEHOLD
160,Customer#000000160,5soVQ3dOCRBWBS,JORDAN,MIDDLE EAST,23-428-666-4806,4363.17,MACHINERY
161,Customer#000000161,"2oRkx,NtjFUh",GERMANY,EUROPE,17-805-718-2449,3714.06,MACHINERY
162,Customer#000000162,JE398sXZt2QuKXfJd7poNpyQFLFtth,INDIA,ASIA,18-131-101-2267,6268.99,MACHINERY
163,Customer#000000163,OgrGcOnm4whd0f,VIETNAM,ASIA,31-863-349-4121,2948.61,FURNITURE
164,Customer#000000164,YDW51PBWLXLnbQlKC,EGYPT,MIDDLE EAST,14-565-638-9768,208.45,HOUSEHOLD
165,Customer#000000165,8pc6kwBmwBdEnfVP53aqL9DM4LymC4,ALGERIA,AFRICA,10-927-209-5601,3349.92,HOUSEHOLD
166,Customer#000000166,15HWGtwoP77EJfd95HxtMSTZUelV8NOKne2,IRAN,MIDDLE EAST,20-320-530-5920,2042.21,FURNITURE
167,Customer#000000167,QNc2eOlRIzL6jpthwgDuB866uCIUPiOX,ETHIOPIA,AFRICA,15-288-395-5501,1468.09,AUTOMOBILE
168,Customer#000000168,"GDcL5qU86P8,oaTwVBCLE6asM8rlxpE,211uziU",JAPAN,ASIA,22-354-984-5361,-808.56,FURNITURE
169,Customer#000000169,NjhmHa7xrcjE,CHINA,ASIA,28-362-499-3728,4483.83,FURNITURE
170,Customer#000000170,5QmxmYubNhn6HAgLwTvphevM3OmpZTGsM,MOROCCO,AFRICA,25-879-984-9818,7687.89,BUILDING
171,Customer#000000171,RIhjJCrth89EU7xRSvN,GERMANY,EUROPE,17-513-603-7451,2379.91,MACHINERY
172,Customer#000000172,KwgdKUL1G2WacsMNF50yX,RUSSIA,EUROPE,32-178-964-1847,1134.4,MACHINERY
173,Customer#000000173,"Aue7KVz,FinSHpov Vk5ed,wSQ2BRSioJ0",INDONESIA,ASIA,19-443-196-8008,845.84,BUILDING
174,Customer#000000174,R5 fCPMSeDXtUpp5Ax,UNITED KINGDOM,EUROPE,33-845-455-8799,1944.73,FURNITURE
175,Customer#000000175,8YK1ZyTqoY3wMWnExl4itPMLL793GpEZb6T,IRAN,MIDDLE EAST,20-427-617-9922,1975.35,FURNITURE
176,Customer#000000176,9hBepY2uz88HlCqToOLgeU770u81FeL,JORDAN,MIDDLE EAST,23-432-942-8830,-375.76,FURNITURE
177,Customer#000000177,"6wzEKPyZE9dmBCJZ8e7x7fiiK,k",ARGENTINA,AMERICA,11-917-786-9955,7457.5,BUILDING
178,Customer#000000178,p HUSDg8Cgan4Fj8Drvcdz4gi4dSqV0a7n 0ag,VIETNAM,ASIA,31-436-268-6327,2272.5,FURNITURE
179,Customer#000000179,djez3CWg0nnCiu60jsF,EGYPT,MIDDLE EAST,14-703-953-2987,-43.08,MACHINERY
180,Customer#000000180,"DSGW3RFoYJE opVw,Y3wGCGcNULZi",JORDAN,MIDDLE EAST,23-678-802-2105,-92.58,FURNITURE
181,Customer#000000181,YNviWd WrRkZvSw1OxIewBq,INDONESIA,ASIA,19-653-305-8440,3929.96,FURNITURE
182,Customer#000000182,tdwvgepG316CCTHtMaF8Q,CANADA,AMERICA,13-199-211-9023,4810.22,AUTOMOBILE
183,Customer#000000183,aMAB2QSb8 86MAx,RUSSIA,EUROPE,32-771-279-8154,4419.89,HOUSEHOLD
184,Customer#000000184,uoOpBuRr42f1WIqnVYAhxbAA9bkK6HUGpOt,VIETNAM,ASIA,31-739-340-5476,170.46,AUTOMOBILE
185,Customer#000000185,iHXzQgienOQ,ETHIOPIA,AFRICA,15-760-572-8760,2788.76,BUILDING
186,Customer#000000186,BeVr6MzaobBENXRBC8pmOmkByMJI,CANADA,AMERICA,13-518-743-2576,8737.5,HOUSEHOLD
187,Customer#000000187,OIlgR6oIRXV5g63q5YGudCjRD8kpod2p,EGYPT,MIDDLE EAST,14-716-294-6674,-774.22,FURNITURE
188,Customer#000000188,58Srs6gEEoD3ZfwgXDM1OayRiaSY6K9YsveWwV,ETHIOPIA,AFRICA,15-613-528-7811,9533.37,BUILDING
189,Customer#000000189,r51HSq Rg8wQgF1CBfG1Vbye3GK,RUSSIA,EUROPE,32-980-348-1114,-594.05,MACHINERY
190,Customer#000000190,"F2X,GhSqLz8k u0gWsirsraFaEDEo6vIGtOTaO1T",IRAQ,MIDDLE EAST,21-730-373-8193,1657.46,AUTOMOBILE
191,Customer#000000191,P1eCXsPWkv2y6ENQv,MOZAMBIQUE,AFRICA,26-811-707-6869,2945.16,BUILDING
192,Customer#000000192,rDmB2c9d1BJQ y6R9jTx86YI77D,IRAN,MIDDLE EAST,20-750-712-2481,8239.96,MACHINERY
193,Customer#000000193,"dUT4dtsPTZ6ZpkWLc,KGJCHY6JDJgPFH4",UNITED KINGDOM,EUROPE,33-182-978-6287,8024.55,MACHINERY
194,Customer#000000194,mksKhdWuQ1pjbc4yffHp8rRmLOMcJ,MOZAMBIQUE,AFRICA,26-597-636-3003,6696.49,HOUSEHOLD
195,Customer#000000195,WiqQD8hscyKekjMcSBA7AX 0AbxvBV,RUSSIA,EUROPE,32-757-684-6845,4873.91,AUTOMOBILE
196,Customer#000000196,68RstNo6a2B,CHINA,ASIA,28-135-177-2472,7760.33,FURNITURE
197,Customer#000000197,UeVqssepNuXmtZ38D,ARGENTINA,AMERICA,11-107-312-6585,9860.22,AUTOMOBILE
198,Customer#000000198,",7fcZHIUn,fUaQtK8U,Q8",ARGENTINA,AMERICA,11-237-758-6141,3824.76,AUTOMOBILE
199,Customer#000000199,"lBU3xll,a7e9TYm3 UyjDPCVMvnHKpq,9HW1X",EGYPT,MIDDLE EAST,14-136-924-5232,7654.31,FURNITURE
200,Customer#000000200,x1 H5c66DUgH2pgNTJhw6eZKgrAz,MOZAMBIQUE,AFRICA,26-472-302-4189,9967.6,BUILDING
201,Customer#000000201,yWLtmd5usyjsCvyL1QJsBorC,BRAZIL,AMERICA,12-759-183-9859,4614.4,MACHINERY
202,Customer#000000202,Q0uJ1frCbi9yvu,GERMANY,EUROPE,17-905-805-4635,2237.64,AUTOMOBILE
203,Customer#000000203,2fRlubh lWRinCs1nimADdn,ARGENTINA,AMERICA,11-886-563-6149,7960.63,MACHINERY
204,Customer#000000204,7U7u2KryFP,FRANCE,EUROPE,16-761-837-4820,-627.76,BUILDING
205,Customer#000000205,"jOTQBGb nhfBMu3,LIN62WogLDBO0w",JAPAN,ASIA,22-356-437-1311,7161.52,BUILDING
206,Customer#000000206,"xsg,ehRHS5OKqyBR5YtoPm8myz",INDONESIA,ASIA,19-976-832-3312,-274.79,AUTOMOBILE
207,Customer#000000207,ewz5JNnxJPmPGY,VIETNAM,ASIA,31-562-675-6475,-439.98,AUTOMOBILE
208,Customer#000000208,"Abye1MwcNfY0KO6yqv,Wwe",ROMANIA,EUROPE,29-859-139-6234,6239.89,MACHINERY
209,Customer#000000209,iBvmxOZV3qXMYQW3W4Oo7YFhdV,MOZAMBIQUE,AFRICA,26-207-121-7721,8873.46,FURNITURE
210,Customer#000000210,13cFL9sG1nrGERURN9WZI0,SAUDI ARABIA,MIDDLE EAST,30-876-248-9750,7250.14,HOUSEHOLD
211,Customer#000000211,URhlVPzz4FqXem,JORDAN,MIDDLE EAST,23-965-335-9471,4198.72,BUILDING
212,Customer#000000212,19U0iZ3GtDdrsn,GERMANY,EUROPE,17-382-405-4333,957.58,BUILDING
213,Customer#000000213,NpqMYBhBcWk8mnEta,UNITED STATES,AMERICA,34-768-700-9764,9987.71,HOUSEHOLD
214,Customer#000000214,MpCwhcLrbcIM7AeKS9tRM09by,INDIA,ASIA,18-180-678-6165,1526.59,MACHINERY
215,Customer#000000215,8H76xbBhde HY70BrYqGEFmVPXqlm8pgjjxh,INDONESIA,ASIA,19-564-446-4758,3379.2,FURNITURE
216,Customer#000000216,LXH7wSv4I6GG6TAkLOyLcMh559a8Y,VIETNAM,ASIA,31-296-111-5448,-776.08,FURNITURE
217,Customer#000000217,YIy05RMdthrXqdfnNKud,UNITED KINGDOM,EUROPE,33-159-298-3849,378.33,AUTOMOBILE
218,Customer#000000218," V1FCIeSseuyNGYfHS Rx0,sc4IsBfReV",EGYPT,MIDDLE EAST,14-480-931-8567,9541.19,MACHINERY
219,Customer#000000219,eTjiL01eyoKiAe2WQoz3EpPg2lvSLeOu2X2wyxK,IRAQ,MIDDLE EAST,21-159-138-6090,9858.57,AUTOMOBILE
220,Customer#000000220,TbUHVhkttz,MOZAMBIQUE,AFRICA,26-201-301-7371,9131.64,BUILDING
221,Customer#000000221,ripNyyPOewg8AahnZlsM,MOZAMBIQUE,AFRICA,26-351-738-1001,1609.39,BUILDING
222,Customer#000000222,gAPkFjwxX1Zq 2Yq6 FIfLdJ4yUOt4Al7DL18Ou,ARGENTINA,AMERICA,11-722-672-5418,8893.76,BUILDING
223,Customer#000000223,"ftau6Pk,brboMyEl,,kFm",SAUDI ARABIA,MIDDLE EAST,30-193-643-1517,7476.2,BUILDING
224,Customer#000000224,4tCJvf30WagGfacqcAqmfCptu2cbMVcj2M7Y0W,MOROCCO,AFRICA,25-224-867-3668,8465.15,BUILDING
225,Customer#000000225,2HFk1E0fmqs,JORDAN,MIDDLE EAST,23-979-183-7021,8893.2,AUTOMOBILE
226,Customer#000000226,ToEmqB90fM TkLqyEgX8MJ8T8NkK,CANADA,AMERICA,13-452-318-7709,9008.61,AUTOMOBILE
227,Customer#000000227,7wlpEBswtXBPNODASgCUt8OZQ,JORDAN,MIDDLE EAST,23-951-816-2439,1808.23,MACHINERY
228,Customer#000000228,A1Zvuxjdpt8TZP6i41H3fn9csGqOJUm5x0NIS1LA,SAUDI ARABIA,MIDDLE EAST,30-435-915-1603,6868.12,FURNITURE
229,Customer#000000229,Sbvjxgmwy4u6Ks1FH7lxo7toMmeU5dG,ARGENTINA,AMERICA,11-243-298-4029,7568.07,BUILDING
230,Customer#000000230,CnR8xt3MYqID0tiHwYh,VIETNAM,ASIA,31-744-950-8047,1682.83,MACHINERY
231,Customer#000000231,WFOhG9Z9ohRdsyuYnPvBSv,IRAN,MIDDLE EAST,20-825-880-1065,283.55,BUILDING
232,Customer#000000232,"oA9o,3YOXu2rzKONdd,cxpqCFXUv5kuxBYKp",RUSSIA,EUROPE,32-283-563-2674,554.71,HOUSEHOLD
233,Customer#000000233,mFm45wZ7rV4VIbEE1F4,CANADA,AMERICA,13-574-104-3221,3998.24,FURNITURE
234,Customer#000000234,ILyuJbixVmrNEVxsfQOMFxByySs,CHINA,ASIA,28-243-424-1393,8383.51,AUTOMOBILE
235,Customer#000000235,bp0rIBMh4fMdQnHBmMnB,CANADA,AMERICA,13-350-790-6416,754.41,AUTOMOBILE
236,Customer#000000236,"kcW,mM0rhIstAcVaol1,6DVkS FPKlhY",KENYA,AFRICA,24-808-967-4503,5384.59,AUTOMOBILE
237,Customer#000000237,R dtznB5ocPPo,ROMANIA,EUROPE,29-414-970-5238,-160.02,HOUSEHOLD
238,Customer#000000238,tE0lVKK3tz5AG2 Hal2XHwE485g5MX7,MOZAMBIQUE,AFRICA,26-307-925-1236,3482.32,HOUSEHOLD
239,Customer#000000239,w8eRmMOmUTjVOkucbfcGDh2AqCixTOC,INDONESIA,ASIA,19-699-117-6988,5398.77,FURNITURE
240,Customer#000000240,SXfeEOwRZsXArtY3C5UWqXgLcJBAMmaynaTJs8,INDONESIA,ASIA,19-756-548-7835,7139.68,MACHINERY
241,Customer#000000241,"FBuwHkPR450PvnZnAezcaeMaS,hX3Ifdk",INDONESIA,ASIA,19-344-614-2207,6569.34,AUTOMOBILE
242,Customer#000000242,apgzK3HWAjKHFteJ16Tg3OERViesqBbx,CANADA,AMERICA,13-324-350-3564,1975.41,MACHINERY
243,Customer#000000243,te2FOn8xJzJinZc,GERMANY,EUROPE,17-297-684-7972,620.73,AUTOMOBILE
244,Customer#000000244,FBVbCpEVaFaP8KogqQO2VuXeVx,MOROCCO,AFRICA,25-621-225-8173,2506.38,HOUSEHOLD
245,Customer#000000245,IseFIO7jTGPTzAdZPoO2X4VX48Hy,JAPAN,ASIA,22-952-232-2729,3720.15,MACHINERY
246,Customer#000000246,WrRUR0ds6iypmopww9y9t0NJBRbke78qJm,MOROCCO,AFRICA,25-608-618-2590,9584.96,AUTOMOBILE
247,Customer#000000247,N8q4W4QQG2mHY47Dg6,SAUDI ARABIA,MIDDLE EAST,30-151-905-3513,8495.92,HOUSEHOLD
248,Customer#000000248,mgT15r8asLyaED,IRAN,MIDDLE EAST,20-447-727-8914,8908.35,FURNITURE
249,Customer#000000249,0XE2fhX7j2uivaHBrFuRl1NoJnaTSIQT,CANADA,AMERICA,13-226-455-7727,-234.01,MACHINERY
250,Customer#000000250,9hif3yif6z8w8pW88F755PU7uz,MOZAMBIQUE,AFRICA,26-464-852-1461,2869.97,FURNITURE
251,Customer#000000251,Z9fdQmv07C3k hxwt9nchhuQiqC4wox85se8EW7L,JORDAN,MIDDLE EAST,23-975-623-5949,9585.32,HOUSEHOLD
252,Customer#000000252,db1bPFF xUkJYzvE3cBtqYeDn2 u,MOZAMBIQUE,AFRICA,26-330-347-9201,3561.74,FURNITURE
253,Customer#000000253,naGyIRPFPH E,MOROCCO,AFRICA,25-461-140-9884,9139.52,AUTOMOBILE
254,Customer#000000254,"vQ,pEzMQaFgJzK4TJ2eA",ARGENTINA,AMERICA,11-451-622-6325,1915.35,MACHINERY
255,Customer#000000255,I8Wz9sJBZTnEFG08lhcbfTZq3S,CANADA,AMERICA,13-924-679-8287,3196.07,BUILDING
256,Customer#000000256,eJ6AggYh80JMEzZNwYK4CIC2flT,IRAN,MIDDLE EAST,20-229-271-4429,1299.92,HOUSEHOLD
257,Customer#000000257,LyIa26EXYaSU,GERMANY,EUROPE,17-816-687-2155,-339.85,AUTOMOBILE
258,Customer#000000258,7VbADek8qYezQYotxNUmnNI,JAPAN,ASIA,22-278-425-9944,6022.27,MACHINERY
259,Customer#000000259,kwh9i86Wj1Zq14nwTdhxapIkLEI,ETHIOPIA,AFRICA,15-907-674-2046,3335.29,HOUSEHOLD
260,Customer#000000260,CrHY2zx4vner4,ARGENTINA,AMERICA,11-708-529-9446,9196.11,MACHINERY
261,Customer#000000261,dXkVi8qahjP,JAPAN,ASIA,22-494-898-7855,7094.22,AUTOMOBILE
262,Customer#000000262,DcUOAFBxMu8oGKvIqbDx7xgeZ,EGYPT,MIDDLE EAST,14-698-169-5201,1561.8,AUTOMOBILE
263,Customer#000000263,"Y2pxeGWkTyaq,0RCzIbZ3",ARGENTINA,AMERICA,11-276-906-3193,1162.03,FURNITURE
264,Customer#000000264,24Akixb4hqpRD,IRAQ,MIDDLE EAST,21-881-683-3829,3195.83,MACHINERY
265,Customer#000000265,"sthiqpj6CPAKbD7BBSz9ulRuF9d,ebfaiTc",PERU,AMERICA,27-716-734-2046,8275.8,MACHINERY
266,Customer#000000266,VSIEruiMdDvjDaTQxkuK60Yw3AGxO,ALGERIA,AFRICA,10-474-243-3974,5481,HOUSEHOLD
267,Customer#000000267,"el7 bYzj1USp6T5i3KpfZ43jKegbdO,Jd69",MOROCCO,AFRICA,25-402-954-8909,3166.94,AUTOMOBILE
268,Customer#000000268,tkSLQoOpfOa601itad05EcN0UmhjZXdyKRc0r,CANADA,AMERICA,13-720-469-5207,6821.01,MACHINERY
269,Customer#000000269,J7kLF9iPOQA 7CVwAmQRpwfZPDJ2q5Seu2Vj1gh,KENYA,AFRICA,24-570-874-6232,7667.35,MACHINERY
270,Customer#000000270,",rdHVwNKXKAgREU",GERMANY,EUROPE,17-241-806-3530,9192.5,AUTOMOBILE
271,Customer#000000271,"O,HceV3 XE77Yx",FRANCE,EUROPE,16-621-282-5689,1490.35,MACHINERY
272,Customer#000000272," YDjKpjXEe0A6rDE",BRAZIL,AMERICA,12-324-877-9650,-746.03,MACHINERY
273,Customer#000000273,"sOA,alhAw1juArjRLOd",BRAZIL,AMERICA,12-197-772-5736,-675.05,FURNITURE
274,Customer#000000274,adesXwNumnPqsKgsE1groEAwdKNgZ,ROMANIA,EUROPE,29-330-389-1442,4425.42,FURNITURE
275,Customer#000000275,M1UCTKrZLOgSyr,RUSSIA,EUROPE,32-194-864-6861,5067.31,AUTOMOBILE
276,Customer#000000276,iSWxETEMKe5cF,MOZAMBIQUE,AFRICA,26-716-357-3851,2292.67,AUTOMOBILE
277,Customer#000000277,BWGsQevHk0BfRJV3RRB ElFc,UNITED KINGDOM,EUROPE,33-696-831-5394,8876.1,BUILDING
278,Customer#000000278,4jqLjG 2aeYMFEJi,SAUDI ARABIA,MIDDLE EAST,30-445-570-5841,7621.56,BUILDING
279,Customer#000000279,9t2Wo1jK1TYnDGg6ODSMGf1W9hRT3F3VK5zxJOC,INDONESIA,ASIA,19-220-605-9025,9663.23,AUTOMOBILE
280,Customer#000000280,3fDiGmN64En0ei,IRAQ,MIDDLE EAST,21-537-461-3965,3952.84,BUILDING
281,Customer#000000281,x5gJ8IGm2Fo9Jigt,FRANCE,EUROPE,16-809-382-6446,4361.7,BUILDING
282,Customer#000000282,"wcCc, y1996DnOwnXu1i",CHINA,ASIA,28-251-599-2415,1125.45,HOUSEHOLD
283,Customer#000000283,jysHDuTKUKYEjdBhtI LqTttTp 7i2kvx1 O3A,GERMANY,EUROPE,17-111-303-1282,4450.03,AUTOMOBILE
284,Customer#000000284,2ZgAkaBgb6aigORfIfUd3kHbPi42,FRANCE,EUROPE,16-161-235-2690,593.52,AUTOMOBILE
285,Customer#000000285,"ApUL7bgFMUXGXewpoQyQOSnLeL9Vc1rrkW ",SAUDI ARABIA,MIDDLE EAST,30-235-130-1313,7276.72,FURNITURE
286,Customer#000000286,7 7uVDrpkWuozyEd,RUSSIA,EUROPE,32-274-308-4633,-109.73,HOUSEHOLD
287,Customer#000000287,KTsaTAJRC0eMYkyFm7EK3eeamHs7s,EGYPT,MIDDLE EAST,14-330-840-6321,1734.18,MACHINERY
288,Customer#000000288,eEs5rwc9AOJaKhvV,BRAZIL,AMERICA,12-674-136-5397,5339.43,HOUSEHOLD
289,Customer#000000289,"NUilehg0nVOkK3K1SW0,BAHCeST2JqKzuTMoGS",IRAN,MIDDLE EAST,20-456-773-7693,-215.75,AUTOMOBILE
290,Customer#000000290,8OlPT9G 8UqVXmVZNbmxVTPO8,EGYPT,MIDDLE EAST,14-458-625-5633,1811.35,MACHINERY
291,Customer#000000291,ZlLNbGxnQYMubQ9K,INDIA,ASIA,18-657-656-2318,4261.68,HOUSEHOLD
292,Customer#000000292,hCXh3vxC4uje9,IRAQ,MIDDLE EAST,21-457-910-2923,2975.43,HOUSEHOLD
293,Customer#000000293,7ynwX7lZ3o2cmAWSkKAc3edKa 8yT,BRAZIL,AMERICA,12-887-984-5485,-43.79,MACHINERY
294,Customer#000000294,hSaNqI1P2IyEFHY0r0PsPkMqt,CHINA,ASIA,28-187-946-4260,-994.79,BUILDING
295,Customer#000000295,mk649IH6njR14woTVZ1cxtlNs URxBHD5o5z2,ALGERIA,AFRICA,10-340-773-4322,9497.89,HOUSEHOLD
296,Customer#000000296,4eyqk2zpg4m V JGEtgwNmCq3c,MOROCCO,AFRICA,25-875-178-1959,8081.52,BUILDING
297,Customer#000000297,"hzg,409pj0",MOROCCO,AFRICA,25-915-518-8800,7096.32,HOUSEHOLD
298,Customer#000000298,"jFKF3w 8aegECg7mP,qtuR9IsTSYQlEXq",VIETNAM,ASIA,31-542-157-4074,3812.84,BUILDING
299,Customer#000000299,3F3Q0fTkjIv1UfJbcN7,EGYPT,MIDDLE EAST,14-948-474-7353,5380.5,HOUSEHOLD
300,Customer#000000300,I0fJfo60DRqQ,GERMANY,EUROPE,17-165-193-5964,8084.92,AUTOMOBILE
301,Customer#000000301,FtFq9Cgg5UAzUL,GERMANY,EUROPE,17-265-345-9265,9305.05,HOUSEHOLD
302,Customer#000000302,cJ3cHoAjAiaxTU2t87EJM,EGYPT,MIDDLE EAST,14-152-594-2967,1107.42,MACHINERY
303,Customer#000000303,5pSw0OIoNRcpyTEEI1gZ6zRMyJ0UGhJdD,CANADA,AMERICA,13-184-254-6407,9339.57,AUTOMOBILE
304,Customer#000000304,Cilvb3k8ghDX4,ALGERIA,AFRICA,10-321-698-7663,9217.55,MACHINERY
305,Customer#000000305,"x8kcl,R4Wk",IRAQ,MIDDLE EAST,21-250-654-3339,4356.59,FURNITURE
306,Customer#000000306,ADoOEIr5aQcLIoGJM6nCvPEP 91,IRAN,MIDDLE EAST,20-109-305-9629,3268.01,AUTOMOBILE
307,Customer#000000307,xvkJ13gs7GH,JORDAN,MIDDLE EAST,23-836-934-5394,346.59,FURNITURE
308,Customer#000000308,c9WuNBiEYmGxeBmZaELg WWb,INDONESIA,ASIA,19-992-128-2013,4150.76,HOUSEHOLD
309,Customer#000000309,"6Jg4ECVS2u7i,E",VIETNAM,ASIA,31-231-377-9535,8824.78,FURNITURE
310,Customer#000000310,QZnc5mkLIPh6JGrzcHmRzCiL0AmdE92vyM,ARGENTINA,AMERICA,11-838-647-9285,3186.57,FURNITURE
311,Customer#000000311,dvpNARle3mR19GD4s2gpEbkL2mZV3uvV6P,UNITED KINGDOM,EUROPE,33-919-292-8822,6589.5,AUTOMOBILE
312,Customer#000000312,cH6XucXV0V,FRANCE,EUROPE,16-316-482-2555,-178.84,AUTOMOBILE
313,Customer#000000313,Ay52vCrTXsSmp7TmQ1kujvuItfLGx,ALGERIA,AFRICA,10-401-786-6040,6115.81,HOUSEHOLD
314,Customer#000000314,"8,tdTVYGYoYRaAKwG 6aDJna4Cfjt,F9DDCC2",JORDAN,MIDDLE EAST,23-366-243-4713,2394.92,MACHINERY
315,Customer#000000315,pXaKKTCTyc UI3tglBaWRimosymG6ZyOCyb6Vb3M,GERMANY,EUROPE,17-442-286-3594,348.58,FURNITURE
316,Customer#000000316,zE dN3aqjaG,INDIA,ASIA,18-171-394-5011,4571.78,MACHINERY
317,Customer#000000317,uOeuL8DG1j,ROMANIA,EUROPE,29-615-537-8871,956.88,HOUSEHOLD
318,Customer#000000318,PtJQn0IjYtShb1f2uYTYBnnmUeGNiwcALU,ALGERIA,AFRICA,10-229-548-7118,9149.98,HOUSEHOLD
319,Customer#000000319," UQ5mF3sdoZT2",FRANCE,EUROPE,16-734-928-1642,1834.36,FURNITURE
320,Customer#000000320,pO8rWSwK j,JAPAN,ASIA,22-358-857-3698,6082.74,MACHINERY
321,Customer#000000321,"g3,8g XHACSvjZtJuiNk5BYiyPFnIxg",SAUDI ARABIA,MIDDLE EAST,30-114-675-9153,7718.77,FURNITURE
322,Customer#000000322,bWRyCyjH5OfGX,SAUDI ARABIA,MIDDLE EAST,30-660-202-7517,4489.98,HOUSEHOLD
323,Customer#000000323,"ZLnVZ CXRi2,QDrlo",CHINA,ASIA,28-347-223-6024,1137.67,AUTOMOBILE
324,Customer#000000324,"fiW1n6dLSVRkXj7kU1768UI2w1vMxEde5a ",BRAZIL,AMERICA,12-722-560-7023,806.59,FURNITURE
325,Customer#000000325,Z I43vl3ta3iYmjXNaSM d6Pe24ibjhdvPSi,MOROCCO,AFRICA,25-823-702-9630,2377.34,HOUSEHOLD
326,Customer#000000326,nWDOTh6X019pfBtV3ikACYZiMjGykLrFnuyAo2,BRAZIL,AMERICA,12-447-614-7494,1906.52,HOUSEHOLD
327,Customer#000000327,UyKulwfNnX4l4ba1vQtwCWw8WNP50U8DCU,INDIA,ASIA,18-606-718-3062,8762.16,MACHINERY
328,Customer#000000328,9pu j2HoEf1uhiY3jxE9l9fCRfjoVU,ETHIOPIA,AFRICA,15-817-180-1487,6709.9,BUILDING
329,Customer#000000329,67r6XnIxUVgAc3pRX8tmGOw,IRAQ,MIDDLE EAST,21-106-357-8302,-651.91,BUILDING
330,Customer#000000330,UfNb7T9CTCnsfN3b,SAUDI ARABIA,MIDDLE EAST,30-476-852-2371,8244.73,MACHINERY
331,Customer#000000331,"Ug e2IBbl,LJuqjNz5XeQV",ETHIOPIA,AFRICA,15-411-430-7917,170.27,AUTOMOBILE
332,Customer#000000332,"Jfosq,G6ziag7M04IvCx7SMRafyYvSI,Do",RUSSIA,EUROPE,32-767-972-2596,-267.09,HOUSEHOLD
333,Customer#000000333,"heiloGYs Yey7NKhEFoiNhUBb,QFbjtn5wt",IRAQ,MIDDLE EAST,21-908-534-7709,8018.89,AUTOMOBILE
334,Customer#000000334,OPN1N7t4aQ23TnCpc,EGYPT,MIDDLE EAST,14-947-291-5002,-405.91,BUILDING
335,Customer#000000335,d2JCYLr2F9tC1AZMIvbIYPDQA,VIETNAM,ASIA,31-772-165-3138,6837.46,HOUSEHOLD
336,Customer#000000336,yC zy1i6AGrnykrV McJyjg,BRAZIL,AMERICA,12-345-190-9898,9241.49,AUTOMOBILE
337,Customer#000000337,EluRTlO4pE7u0XSKKyvKvVyt4sADWFRLZuiyn,ALGERIA,AFRICA,10-337-165-1106,-270.59,MACHINERY
338,Customer#000000338," aiYAeWgI0okGSJv7OgvKqMvPLhxF3blT8josX",UNITED KINGDOM,EUROPE,33-302-620-7535,4092.49,FURNITURE
339,Customer#000000339,jUs1Im28boIduGhp5vbKK50gM5ov7xH9G,UNITED STATES,AMERICA,34-992-529-2023,8438.07,HOUSEHOLD
340,Customer#000000340,WRnPrKQmAmoMQgHQERoVOhyTklcHMajJlc,BRAZIL,AMERICA,12-730-681-4571,4667.12,BUILDING
341,Customer#000000341,"4,zQfld2YV9TSeNgCSOvqlxhJvVW8WD",INDONESIA,ASIA,19-870-813-8585,8247.11,FURNITURE
342,Customer#000000342,SpDDdUfraEAfCULAuGLE,CHINA,ASIA,28-690-119-9571,7186.74,AUTOMOBILE
343,Customer#000000343,ejvvSNHIkJVm8I1zpQINNn5yyJbA,CANADA,AMERICA,13-877-910-5134,5521.36,HOUSEHOLD
344,Customer#000000344,"Zasc8,E0VVY",BRAZIL,AMERICA,12-810-788-6699,-544.95,FURNITURE
345,Customer#000000345,"dGFK ICPKxnsAzlX4UYOUf,n200yyEWhIeG",INDONESIA,ASIA,19-209-576-4513,1936.77,AUTOMOBILE
346,Customer#000000346,"K61SvIue3Emcwfel,7f9tO5WyJ58MbT7k3iS",BRAZIL,AMERICA,12-100-890-4659,238.14,FURNITURE
347,Customer#000000347,qRT7WRrnykLDfTc5Ei,ARGENTINA,AMERICA,11-519-832-9913,7348.92,BUILDING
348,Customer#000000348,ciP7BWkhOe1IbbVGlqJePBI6ZwqENkS,JORDAN,MIDDLE EAST,23-986-141-5327,3310.49,HOUSEHOLD
349,Customer#000000349,"vjJBjxjW9uoRZP02nS p6XY5wU6Ic,6xHpxUKA",UNITED KINGDOM,EUROPE,33-818-229-3473,-565.35,BUILDING
350,Customer#000000350,G vBMGVmIOHl7tc4HeNMiMkKY,MOROCCO,AFRICA,25-960-809-3690,19.31,BUILDING
351,Customer#000000351,De35Hx1QiyS0uy,GERMANY,EUROPE,17-873-420-4342,3419.54,AUTOMOBILE
352,Customer#000000352,HqhIE5GRTK0dFtWpJUQENU4aa1bwdsUBEWtzUw,INDONESIA,ASIA,19-906-158-8420,6257.88,HOUSEHOLD
353,Customer#000000353,eftGCmL4b5rAKdvUe9biJXzAH,IRAN,MIDDLE EAST,20-733-644-2244,3199.03,BUILDING
354,Customer#000000354,sV3WgvJA06WngO4,BRAZIL,AMERICA,12-545-101-2447,7095.95,BUILDING
355,Customer#000000355,205r3Xg9ZWjPZNX1z,KENYA,AFRICA,24-656-787-6091,8727.9,FURNITURE
356,Customer#000000356,9RfNXUJivKTonL2bp1eG5IT,IRAN,MIDDLE EAST,20-415-457-4421,2934.06,FURNITURE
357,Customer#000000357,l2C0Xkdib4t4 qKFUcRDOhRQMK7U0,CHINA,ASIA,28-452-965-8560,8747.36,AUTOMOBILE
358,Customer#000000358,F  z jplpUKWz1Hn7p3ez2qTsiIh,ETHIOPIA,AFRICA,15-457-255-3822,-44.66,MACHINERY
359,Customer#000000359,z4lUH9ssc3K2w0UjRIuNRrdqw,KENYA,AFRICA,24-608-547-4751,6375.23,FURNITURE
360,Customer#000000360,"S,6ajyDFO3WUQ0Qr",PERU,AMERICA,27-604-646-1645,6542.83,FURNITURE
361,Customer#000000361,l0F8jMJVe63cb,SAUDI ARABIA,MIDDLE EAST,30-164-267-4590,7451.84,BUILDING
362,Customer#000000362,UscV00TNrNTDddxF7BTk,PERU,AMERICA,27-651-653-4122,6149.01,AUTOMOBILE
363,Customer#000000363,2Koh mYARhsVcFn0U2Abt35qIyedAr1TxP,PERU,AMERICA,27-460-529-3937,-573.86,HOUSEHOLD
364,Customer#000000364,"SQ3b5Q5OtrmmZjJ87tq,o1TiXKVJQ0M7ZOuud",UNITED KINGDOM,EUROPE,33-492-647-4972,32.24,HOUSEHOLD
365,Customer#000000365,QiZRz y1xU,UNITED STATES,AMERICA,34-708-696-5226,737.03,HOUSEHOLD
366,Customer#000000366,pPQektSfn55AC7s9SRFkj07I2yXqakvCa,CANADA,AMERICA,13-915-531-6826,-729.74,MACHINERY
367,Customer#000000367,yZaDoEZCqt2VMTVKoZUkf6gJ4yj,JORDAN,MIDDLE EAST,23-939-319-4691,9108.65,HOUSEHOLD
368,Customer#000000368,9p ReFA4fseKWYUaUHi,RUSSIA,EUROPE,32-552-596-4994,84.72,MACHINERY
369,Customer#000000369,"ge1XhgI3ADIkvLr5GPMqpup,hzlTVv",INDIA,ASIA,18-333-644-9832,2881.06,FURNITURE
370,Customer#000000370,oyAPndV IN,JAPAN,ASIA,22-524-280-8721,8982.79,FURNITURE
371,Customer#000000371,dnxjCYwhuSHx 9KX38nV0R16fG,RUSSIA,EUROPE,32-119-346-2028,7789.14,AUTOMOBILE
372,Customer#000000372,aKPMNZfbgV0neVIBo,ROMANIA,EUROPE,29-226-339-6392,-921.91,MACHINERY
373,Customer#000000373,"2hrQ wHkbaNlJCzY,mVkugMIE 8ryNlaA3JHDTjJ",SAUDI ARABIA,MIDDLE EAST,30-883-170-4010,2354.06,MACHINERY
374,Customer#000000374,"fg4eklU1,UaFOan",RUSSIA,EUROPE,32-282-723-3627,6718.78,AUTOMOBILE
375,Customer#000000375,e53JADEeGvM1ikhN7aa,MOROCCO,AFRICA,25-575-273-9756,5562.22,HOUSEHOLD
376,Customer#000000376,4NwsvFQU T4mSgzvU1Rx2ZtHOGyaNyhe,MOZAMBIQUE,AFRICA,26-437-952-8986,4231.45,AUTOMOBILE
377,Customer#000000377,"PA4levhyD,Rvr0JHQ4QNOqJ9gW YXE",UNITED KINGDOM,EUROPE,33-260-610-4079,1043.72,MACHINERY
378,Customer#000000378,"133stqM9 LT,a2BSlbm49 nXreFggaZgW6P6J",RUSSIA,EUROPE,32-147-793-4825,5718.05,BUILDING
379,Customer#000000379,"t3QzCf,q1NbshmjOIUY",GERMANY,EUROPE,17-228-550-9246,5348.11,AUTOMOBILE
380,Customer#000000380,n2w3Jd1bipwICbOVgrELzcNRexmWSklo,VIETNAM,ASIA,31-538-493-4229,2755.46,BUILDING
381,Customer#000000381,w3zVseYDbjBbzLld,ETHIOPIA,AFRICA,15-860-208-7093,9931.71,BUILDING
382,Customer#000000382,"UdgAMamK5JnSykA,ZPfR5W5zRFatDUye",INDIA,ASIA,18-942-650-6657,6269.42,AUTOMOBILE
383,Customer#000000383,iBIHYgXvVDpu6qq7FlqXVcAIDAzv4qs,BRAZIL,AMERICA,12-868-920-9034,-849.44,MACHINERY
384,Customer#000000384,kDDMb3ML nUSu2Sn7CUHyZVedAFUx9,INDONESIA,ASIA,19-271-453-8361,-614.3,HOUSEHOLD
385,Customer#000000385,zJvPI24TSPpiFzYfu3RvTKQ9,CANADA,AMERICA,13-741-675-6890,2457.09,AUTOMOBILE
386,Customer#000000386,DeQxsCxixT8RQ7JV6mddRYGDGQ2WM94,UNITED STATES,AMERICA,34-193-143-1425,232.01,BUILDING
387,Customer#000000387,Yj 9g1mNu00rKRkc1ovOmptsPI,CHINA,ASIA,28-694-363-3673,3404.23,HOUSEHOLD
388,Customer#000000388,dV4lqEufXkF8R,GERMANY,EUROPE,17-856-814-6352,1938.05,HOUSEHOLD
389,Customer#000000389,"ij8KNM0,HRvIvnvY w8jQK4zvr1EOO9YM",INDONESIA,ASIA,19-264-943-1253,-307.61,AUTOMOBILE
390,Customer#000000390,"Nsc3VZZnVsw0mLAnqqzVz,",EGYPT,MIDDLE EAST,14-812-253-6693,8862.18,HOUSEHOLD
391,Customer#000000391,q10SV05KB1038lzUR8P,IRAQ,MIDDLE EAST,21-604-451-4462,4801.3,HOUSEHOLD
392,Customer#000000392,H7M6JObndO,PERU,AMERICA,27-601-793-2507,8492.33,BUILDING
393,Customer#000000393,RSELskV44I3LFA9VLGY2Qe,SAUDI ARABIA,MIDDLE EAST,30-749-949-5915,3593.57,FURNITURE
394,Customer#000000394,"nxW1jt,MQvImdr z72gAt1bslnfEipCh,bKZN",UNITED KINGDOM,EUROPE,33-422-600-6936,5200.96,MACHINERY
395,Customer#000000395,b06rg6Cl5W,MOROCCO,AFRICA,25-804-388-6600,4582.28,HOUSEHOLD
396,Customer#000000396,"miE7JrCdGpQkF4zYJ27tBdSu IYhQ HXx0 ",RUSSIA,EUROPE,32-902-936-4845,1433.5,BUILDING
397,Customer#000000397,EzR2BKJ85SmBDS,GERMANY,EUROPE,17-103-357-8777,709.46,FURNITURE
398,Customer#000000398,cq9NmtIT4b6JB8L79iLzljlHs4 3,MOROCCO,AFRICA,25-110-215-3747,8865.61,HOUSEHOLD
399,Customer#000000399,ZBvzMa6N1wdCGaPmG13xVusIxdjSiA94jTXN,INDIA,ASIA,18-882-664-5454,7358.53,BUILDING
400,Customer#000000400,U23zy17EPxqmJn7neVc,KENYA,AFRICA,24-522-746-1247,-98.46,BUILDING
401,Customer#000000401,"aKALIG526OK4veQfUh2KmKcE,oRyg",ROMANIA,EUROPE,29-667-766-5291,4146.43,BUILDING
402,Customer#000000402,"8Cw4p1m1gKYVUgomkAq,es1ZtrnmHaO",FRANCE,EUROPE,16-950-729-1638,2106.67,AUTOMOBILE
403,Customer#000000403,"9,BVYegfkFLsEMDkeVW",KENYA,AFRICA,24-753-433-1769,6693.36,HOUSEHOLD
404,Customer#000000404,2orgvLJ05jOvM292mhkS7iJmHG0jk,RUSSIA,EUROPE,32-840-785-1776,7408.73,BUILDING
405,Customer#000000405,mCQNH1rJtqjjQ9Piauc2bZr4pRFydscZtbD9d,IRAN,MIDDLE EAST,20-509-301-7901,7519.14,MACHINERY
406,Customer#000000406,j1fOG9WsIr2JI6Yi9jgJ M,INDONESIA,ASIA,19-426-693-4043,4286.94,FURNITURE
407,Customer#000000407,cfCP9bE3HnI,ARGENTINA,AMERICA,11-975-454-8499,9537.08,MACHINERY
408,Customer#000000408,"TBjb3m,3aea4JtP833HD4VDk7STz2Y9FB",IRAN,MIDDLE EAST,20-177-807-5661,6825.37,BUILDING
409,Customer#000000409,mtrMiDvQxNsy1Cj0cU4ITEW5wGKLPQ2IPHNE9r4,IRAQ,MIDDLE EAST,21-466-412-4731,3969.86,FURNITURE
410,Customer#000000410,"nYak2u Q9,gYUiLfh1N",GERMANY,EUROPE,17-576-345-5940,4349.27,BUILDING
411,Customer#000000411,"V3e,FX5x50scsQDzt5,ESxfOQBt4OzjHRoTZxF",CHINA,ASIA,28-483-924-1955,1209.32,HOUSEHOLD
412,Customer#000000412,"5IN2Y,QrhDJ2YBVGKiDbMpzi2hk1fmozIy2zQ",RUSSIA,EUROPE,32-940-318-3191,6044.02,BUILDING
413,Customer#000000413,",4Jm5N0ruhJCB7cBR6Kw",FRANCE,EUROPE,16-158-285-7336,5817.9,FURNITURE
414,Customer#000000414,i49DWI61AFb 45vb1RMH,ROMANIA,EUROPE,29-552-380-2475,527.78,AUTOMOBILE
415,Customer#000000415,"334jCRiUb,gx3",UNITED KINGDOM,EUROPE,33-346-876-2972,2317.93,FURNITURE
416,Customer#000000416,fm7H7k6sYhKfXttOT,JAPAN,ASIA,22-651-146-4780,4365.28,MACHINERY
417,Customer#000000417,X3LMSpIn4FgjgJxldHVUlUvKzyX,IRAQ,MIDDLE EAST,21-794-364-5100,6187.73,BUILDING
418,Customer#000000418,",e0q82drO rgVHXHrJRQ0GDrRoUOl",ETHIOPIA,AFRICA,15-826-508-1218,1211.39,FURNITURE
419,Customer#000000419,gvbZNJ4UVBAo5yOZ2UOWcvV9TeTj,MOZAMBIQUE,AFRICA,26-338-447-2399,7786.69,BUILDING
420,Customer#000000420,HV0YB82MWw93 9K,SAUDI ARABIA,MIDDLE EAST,30-776-366-5869,1999.35,BUILDING
421,Customer#000000421,it3mUlkZAe9J8gmy,JORDAN,MIDDLE EAST,23-918-228-2560,7073.17,FURNITURE
422,Customer#000000422,AyNzZBvmIDo42JtjP9xzaK3pnvkh Qc0o08ssnvq,INDONESIA,ASIA,19-299-247-2444,-272.14,HOUSEHOLD
423,Customer#000000423,Y2B EbOg39GpFLS0n,JORDAN,MIDDLE EAST,23-201-501-7824,95.79,BUILDING
424,Customer#000000424,"i4cf3kmRE9IJr,cu,1",ROMANIA,EUROPE,29-891-311-6778,1866.42,HOUSEHOLD
425,Customer#000000425,lp3aCRBK11qFY,MOZAMBIQUE,AFRICA,26-756-407-4828,5824.88,HOUSEHOLD
426,Customer#000000426,GjFjM4zjbyhNrV6XlE,ROMANIA,EUROPE,29-768-330-6311,7818.25,HOUSEHOLD
427,Customer#000000427,LHzXa71U2AGqfbqj1yYYqw2MEXq99dWmY,BRAZIL,AMERICA,12-124-309-3821,4376.8,MACHINERY
428,Customer#000000428,"TCVjlzbX7x,kWcHN33LRdEjO38mAGmPR",VIETNAM,ASIA,31-587-557-8211,1952.36,BUILDING
429,Customer#000000429,"kZBtY,LQAFu4iaSagjfIk8Q8dzgmT",MOROCCO,AFRICA,25-989-936-1954,9247.21,FURNITURE
430,Customer#000000430,"s2yfPEGGOqHfgkVSs5Rs6 qh,SuVmR",CANADA,AMERICA,13-406-611-4228,7905.17,BUILDING
431,Customer#000000431,RNfSXbUJkgUlBBPn,FRANCE,EUROPE,16-326-904-6643,2273.5,HOUSEHOLD
432,Customer#000000432,FDConiq g20GI9dH QTM ZNX4OB9KU,UNITED KINGDOM,EUROPE,33-307-912-9016,5715.64,BUILDING
433,Customer#000000433,7XFuE4 euQR0w,SAUDI ARABIA,MIDDLE EAST,30-659-445-3595,8746.23,FURNITURE
434,Customer#000000434,6LGAf2hv4MB5MJhfvNsg,CANADA,AMERICA,13-325-443-1474,2940.46,MACHINERY
435,Customer#000000435,diwjNQSb3wLYLy WfCDATo5rc1I3 s,BRAZIL,AMERICA,12-741-309-6377,6217.46,MACHINERY
436,Customer#000000436,4DCNzAT842cVYTcaUS94kR0QXHSRM5oco0D6Z,ROMANIA,EUROPE,29-927-687-6390,5896.87,FURNITURE
437,Customer#000000437,0PM1xuHd0q2ElcJp 77F2MykOVBSQnZR8u3jkn,EGYPT,MIDDLE EAST,14-364-492-8498,7760.52,AUTOMOBILE
438,Customer#000000438,"eqo9A9oaE2CA7 7,L",UNITED KINGDOM,EUROPE,33-394-388-4375,2131.13,MACHINERY
439,Customer#000000439,3deBblz2syRv8yMf0yAVKkE4mDH20uDRj4tJVHUm,KENYA,AFRICA,24-873-368-6801,-61.29,BUILDING
440,Customer#000000440,"w4fKMgiBuGmV,nLn7NgJl1DoUWwNQMV8z  5,R",CANADA,AMERICA,13-244-480-5751,1809.04,MACHINERY
441,Customer#000000441,gjYpcBx6MP8GvDa6,UNITED KINGDOM,EUROPE,33-438-355-3491,9451.84,HOUSEHOLD
442,Customer#000000442,rvgayfJFLO2cjzMA,ARGENTINA,AMERICA,11-240-523-8711,4157,FURNITURE
443,Customer#000000443,UdyNGZ6GSz5aNpMO5N2,CANADA,AMERICA,13-241-131-1632,3726.22,FURNITURE
444,Customer#000000444,D8l4G8i9aZ7KRbqp6ajvR8h1wjr,ARGENTINA,AMERICA,11-402-300-1949,1505.27,HOUSEHOLD
445,Customer#000000445,MX1UA0KUJzIGyWM p2hbLg5dCpVLws8KNcwEsP,SAUDI ARABIA,MIDDLE EAST,30-849-846-6070,8018.81,FURNITURE
446,Customer#000000446,"mJOJwYfch izLCuw70,qhlJSmH",UNITED STATES,AMERICA,34-321-168-5681,9225.6,FURNITURE
447,Customer#000000447,hVZBzP8Pii,CANADA,AMERICA,13-438-344-7007,7665.98,HOUSEHOLD
448,Customer#000000448,BH4vtnDpabk0NgoGNJWu4OUXnidfJ,UNITED STATES,AMERICA,34-985-422-6009,8117.27,BUILDING
449,Customer#000000449,DiUXazp8EYcJFsX2a7nciEpo9W5BRB4iqdb9HWL,EGYPT,MIDDLE EAST,14-893-381-6454,3001.94,MACHINERY
450,Customer#000000450,KVpuYa4dDW8lZZVBttyK614C2qdS,INDONESIA,ASIA,19-782-397-9006,5544.42,HOUSEHOLD
451,Customer#000000451,"ZJKTC1Ck,B01fYZ xdN2",SAUDI ARABIA,MIDDLE EAST,30-939-275-3248,2110.59,HOUSEHOLD
452,Customer#000000452,",TI7FdTc gCXUMi09qD",FRANCE,EUROPE,16-335-974-9174,6633.7,BUILDING
453,Customer#000000453,"PZ4mmWL7R,El0MtLWMfLXp120lo0,itmO",INDIA,ASIA,18-209-381-8571,5678.18,HOUSEHOLD
454,Customer#000000454,d9oQCm3onNsFlIoteVjFcQDv,GERMANY,EUROPE,17-818-915-9400,6134.4,AUTOMOBILE
455,Customer#000000455,"sssuscPJ,ZYQ8viO",FRANCE,EUROPE,16-863-225-9454,6860.34,BUILDING
456,Customer#000000456,IgUSuulguDJ5,ALGERIA,AFRICA,10-784-971-7777,8815.78,FURNITURE
457,Customer#000000457,eaAWe Vqr0x17Uwj1uzQRb wQpXxZVDWS3Wg,SAUDI ARABIA,MIDDLE EAST,30-543-684-2857,5867.61,FURNITURE
458,Customer#000000458,iIKwI3HrgNlD9,EGYPT,MIDDLE EAST,14-651-706-4016,-38.42,BUILDING
459,Customer#000000459,CkGH34iK 9vAHXeY7 wAQIzJa1cmA8DAEA7m,FRANCE,EUROPE,16-927-662-8584,1207.97,MACHINERY
460,Customer#000000460,"Gbx5Hnw,ctlI7",IRAQ,MIDDLE EAST,21-643-955-6555,5222.83,FURNITURE
461,Customer#000000461,5vxNLzSASzkbrUr8CRf5,VIETNAM,ASIA,31-533-226-4307,9177.63,AUTOMOBILE
462,Customer#000000462,MSqsCvNEkowp7FnscRXP6OUWm,VIETNAM,ASIA,31-157-561-4106,4522.6,HOUSEHOLD
463,Customer#000000463,"LV7MN7Tkm2NSo4Q3lwvjxGQyRJjRZRf,M",INDIA,ASIA,18-167-214-5805,-654.5,HOUSEHOLD
464,Customer#000000464,"kAALP9gEt3,G9XtxCXjv38HjKBEP",INDONESIA,ASIA,19-269-971-9738,8730.85,AUTOMOBILE
465,Customer#000000465,gngnTNn7azjgQlQJnakTZto,BRAZIL,AMERICA,12-137-838-1346,8432.74,FURNITURE
466,Customer#000000466,"ZI1c8,ZanegEu5CEQxNf5,bkuYPwn7H7JIK7",JAPAN,ASIA,22-280-738-3240,3168.41,MACHINERY
467,Customer#000000467,amwRkh0nDQ6r6MU,IRAQ,MIDDLE EAST,21-449-581-5158,9398.51,MACHINERY
468,Customer#000000468,IcbihAtOVWcnswfyE,IRAN,MIDDLE EAST,20-489-960-5023,9834.19,FURNITURE
469,Customer#000000469,JWOULMa5Qtt,JAPAN,ASIA,22-406-988-6460,6343.64,BUILDING
470,Customer#000000470,v9 gWSuP4WrOjNJRgyJtjbNCChQME,SAUDI ARABIA,MIDDLE EAST,30-507-458-4433,3597.53,HOUSEHOLD
471,Customer#000000471,tGr0DtrK 91IgzfeZrSPpPIia3,EGYPT,MIDDLE EAST,14-574-118-1005,5716.9,FURNITURE
472,Customer#000000472,hWgfnsmTAEOx9Mqp87YwztGrgLLqNkjMPh4,JAPAN,ASIA,22-940-478-1933,7929.9,MACHINERY
473,Customer#000000473,zO3W9pYj PvlsQGe,INDONESIA,ASIA,19-209-647-5704,-202.22,HOUSEHOLD
474,Customer#000000474,"mvEKw,6zT0V8Yb2yTG hu990UX",VIETNAM,ASIA,31-247-536-6143,9165.47,MACHINERY
475,Customer#000000475,JJMbj6myLUzMlbUmg63hNtFv4pWL8nq,KENYA,AFRICA,24-485-422-9361,9043.55,BUILDING
476,Customer#000000476,68r87HCBbQkVYaVfes8mgKs,BRAZIL,AMERICA,12-996-628-9902,5973.1,BUILDING
477,Customer#000000477,5aW5WHphNgFdIS1Qdp2cIJXG8ER8,UNITED KINGDOM,EUROPE,33-845-877-6997,1836.61,AUTOMOBILE
478,Customer#000000478,"clyq458DIkXXt4qLyHlbe,n JueoniF",ARGENTINA,AMERICA,11-655-291-2694,-210.4,BUILDING
479,Customer#000000479,RdIiG8NbwYtamReRwhR,CHINA,ASIA,28-336-406-1631,3653.64,AUTOMOBILE
480,Customer#000000480,XyQSPswCeO WPD37K3 mYZ4hnCMJO5p,GERMANY,EUROPE,17-231-147-5851,2750.71,FURNITURE
481,Customer#000000481,"o4xa7J20NqHM8E0ykH,NKe1gPz04OqIn",VIETNAM,ASIA,31-363-392-6461,7157.21,FURNITURE
482,Customer#000000482,389RgNCsmVUKiRskmrQQm90xx JiIxOM0,JORDAN,MIDDLE EAST,23-732-448-1610,4333.37,HOUSEHOLD
483,Customer#000000483,Yv1QV 1JsV 9sVbNufRvdnprt0grx52,IRAQ,MIDDLE EAST,21-799-189-1135,8877.2,MACHINERY
484,Customer#000000484,ismzlUzrqRMRGWmCEUUjkBsi,SAUDI ARABIA,MIDDLE EAST,30-777-953-8902,4245,BUILDING
485,Customer#000000485,"XeFbvXCQ,J",ROMANIA,EUROPE,29-434-961-1623,8695.45,MACHINERY
486,Customer#000000486,2cXXa6MSx9CGU,VIETNAM,ASIA,31-787-534-8723,7487.4,AUTOMOBILE
487,Customer#000000487,"oTc,l9dAf8O0qOOMP4P0WFTuGS",BRAZIL,AMERICA,12-111-401-4259,9749.37,AUTOMOBILE
488,Customer#000000488,bBcMjFPTysSTaTdHcoO,CANADA,AMERICA,13-513-778-1881,-275.58,AUTOMOBILE
489,Customer#000000489,GIdW4IVgeqWMBXnNFZGHS8kmhw,EGYPT,MIDDLE EAST,14-916-241-6195,8255.83,AUTOMOBILE
490,Customer#000000490," 66fG3Fyb946cVQsH9Z3VMNzR,yfHMKIEB",RUSSIA,EUROPE,32-268-147-7824,-213.85,FURNITURE
491,Customer#000000491,r3zPOuenxHl0oqInxWlEyLP1ZH,ALGERIA,AFRICA,10-856-259-7548,785.37,AUTOMOBILE
492,Customer#000000492,"JexAgMLuUHoElYFaKx,hJcAP1b1GknYoYHQLyx",INDIA,ASIA,18-686-244-1077,8635.18,AUTOMOBILE
493,Customer#000000493,G dRBjxmBBug1 xRSa6VwRchFDtU5b,MOZAMBIQUE,AFRICA,26-514-558-7246,6582.04,MACHINERY
494,Customer#000000494,GKgTjHFlQrDZWcketSqhZCopBhmChknI,IRAN,MIDDLE EAST,20-330-453-6579,6295.47,FURNITURE
495,Customer#000000495,QhFbEv6KbQIwfZs 1krt1eACKI31v3iyM,GERMANY,EUROPE,17-400-405-6060,7997.81,BUILDING
496,Customer#000000496,Y8oYLlHme6Z4fEzkTu,JAPAN,ASIA,22-173-644-7922,8174.82,MACHINERY
497,Customer#000000497,"0 qRRXAxUbo1J KDwDMjFde5fXDwn ",UNITED KINGDOM,EUROPE,33-937-724-3506,2191.59,BUILDING
498,Customer#000000498,"1Wnja9i7KAC3HxS5yATK,In8Q6AHcEUr0f5Tp",ROMANIA,EUROPE,29-210-810-1479,3945.64,BUILDING
499,Customer#000000499,m1hO3VXQVbwTbJ99Hw,KENYA,AFRICA,24-387-817-9149,4293.76,HOUSEHOLD
500,Customer#000000500,fy7qx5fHLhcbFL93duj9,EGYPT,MIDDLE EAST,14-194-736-4233,3300.82,AUTOMOBILE